Hall Tommy;	tommyhall323@gmai.com;	1;	23432.54;
Perez Toby;	toby.perez21@gmail.com;	2;	19543.43;
Perry Theo;	theo434@gmail.com;	3;	16234.00;
Bell Owen;	Bella0wen@gmail.com;	4;	15999.09;
Dixon Jack;	D.J.Jake@gmail.com;	5;	13476.87;
Parker Max ;	winparker@gmail.com;	6;	9000.99;
Davies Luca;	davisecsgo@gmail.com;	7;	8546.65;
Griffin Rory;	Rory2032@gmail.com;	8;	8432.62;
Khan Liam;	Khanroyal@gmail.com;	9;	7001.01;
King Leo;	royalking@gmail.com;	10;	4123.54;
